indice,num_patrones_cargar,rango_fecha,numero_puntos,tamano_ventana,divisiones,numero_ventanas_exploradas,total_aceptados_findCommon,numero_encontrados_total,porcentaje_aceptacion_findCommon,porcentaje_aceptacion_tendency,tiempo
0,25,9 días (9),7,5,[1],60,59,0,98.3,0.0,11.38
1,25,17 días (17),12,5,[1],119,118,0,99.2,0.0,17.38
2,25,17 días (17),12,10,[1],60,60,1,100.0,1.7,7.87
3,25,1 meses y 4 días (34),22,5,[1],237,236,0,99.6,0.0,36.28
4,25,1 meses y 4 días (34),22,10,[1],120,120,2,100.0,1.7,14.95
5,25,1 meses y 4 días (34),22,10,"[1, 2]",122,122,2,100.0,1.6,15.79
6,25,1 meses y 4 días (34),22,20,[1],60,60,1,100.0,1.7,8.32
7,25,1 meses y 4 días (34),22,20,"[1, 2]",60,60,2,100.0,3.3,9.52
8,25,2 meses (60),42,5,[1],476,475,0,99.8,0.0,68.23
9,25,2 meses (60),42,10,[1],240,240,3,100.0,1.2,31.79
10,25,2 meses (60),42,10,"[1, 2]",253,253,3,100.0,1.2,35.38
11,25,2 meses (60),42,20,[1],120,120,3,100.0,2.5,17.32
12,25,2 meses (60),42,20,"[1, 2]",123,123,3,100.0,2.4,17.46
13,25,2 meses (60),42,40,[1],60,60,3,100.0,5.0,9.64
14,25,2 meses (60),42,40,"[1, 2]",60,60,3,100.0,5.0,10.6
15,25,5 meses y 8 días (158),109,5,[1],1248,1245,0,99.8,0.0,179.45
16,25,5 meses y 8 días (158),109,10,[1],600,600,0,100.0,0.0,80.95
17,25,5 meses y 8 días (158),109,10,"[1, 2]",687,687,0,100.0,0.0,98.49
18,25,5 meses y 8 días (158),109,20,[1],300,300,7,100.0,2.3,42.5
19,25,5 meses y 8 días (158),109,20,"[1, 2]",336,336,5,100.0,1.5,50.28
20,25,5 meses y 8 días (158),109,40,[1],120,120,8,100.0,6.7,17.2
21,25,5 meses y 8 días (158),109,40,"[1, 2]",150,150,7,100.0,4.7,22.72
22,25,5 meses y 8 días (158),109,40,"[1, 2, 3]",154,154,2,100.0,1.3,26.35
23,25,5 meses y 8 días (158),109,80,"[1, 2]",60,60,6,100.0,10.0,10.33
24,25,5 meses y 8 días (158),109,80,"[1, 2, 3]",60,60,8,100.0,13.3,10.73
25,25,5 meses y 8 días (158),109,90,"[1, 2]",60,59,8,98.3,13.6,9.48
26,25,5 meses y 8 días (158),109,90,"[1, 2, 3]",60,59,7,98.3,11.9,10.66
27,25,5 meses y 8 días (158),109,100,"[1, 2, 3]",60,58,6,96.7,10.3,11.15
28,25,7 meses y 11 días (221),152,10,[1],840,840,4,100.0,0.5,108.19
29,25,7 meses y 11 días (221),152,10,"[1, 2]",960,960,3,100.0,0.3,131.34
30,25,7 meses y 11 días (221),152,20,[1],420,420,9,100.0,2.1,60.73
31,25,7 meses y 11 días (221),152,20,"[1, 2]",465,465,9,100.0,1.9,73.73
32,25,7 meses y 11 días (221),152,40,[1],180,180,12,100.0,6.7,28.86
33,25,7 meses y 11 días (221),152,40,"[1, 2]",220,220,10,100.0,4.5,36.24
34,25,7 meses y 11 días (221),152,40,"[1, 2, 3]",238,238,6,100.0,2.5,43.13
35,25,7 meses y 11 días (221),152,80,"[1, 2]",80,80,7,100.0,8.8,15.03
36,25,7 meses y 11 días (221),152,80,"[1, 2, 3]",90,90,10,100.0,11.1,18.11
37,25,7 meses y 11 días (221),152,90,"[1, 2]",86,85,9,98.8,10.6,13.55
38,25,7 meses y 11 días (221),152,90,"[1, 2, 3]",78,77,9,98.7,11.7,14.73
39,25,7 meses y 11 días (221),152,100,"[1, 2, 3]",77,74,9,96.1,12.2,15.63
40,25,7 meses y 11 días (221),152,120,"[1, 2, 3]",62,59,7,95.2,11.9,13.55
41,25,7 meses y 11 días (221),152,140,"[1, 2, 3]",60,55,6,91.7,10.9,13.59
42,25,9 meses y 2 días (272),187,10,"[1, 2]",1188,1188,5,100.0,0.4,177.5
43,25,9 meses y 2 días (272),187,20,"[1, 2]",610,610,14,100.0,2.3,97.1
44,25,9 meses y 2 días (272),187,40,"[1, 2]",292,292,16,100.0,5.5,50.87
45,25,9 meses y 2 días (272),187,40,"[1, 2, 3]",307,307,12,100.0,3.9,57.81
46,25,9 meses y 2 días (272),187,80,"[1, 2]",128,128,14,100.0,10.9,21.87
47,25,9 meses y 2 días (272),187,80,"[1, 2, 3]",129,129,16,100.0,12.4,26.8
48,25,9 meses y 2 días (272),187,90,"[1, 2]",131,129,12,98.5,9.3,23.19
49,25,9 meses y 2 días (272),187,90,"[1, 2, 3]",135,134,14,99.3,10.4,24.71
50,25,9 meses y 2 días (272),187,100,"[1, 2, 3]",113,110,15,97.3,13.6,22.04
51,25,9 meses y 2 días (272),187,100,"[1, 2, 3, 4]",118,114,13,96.6,11.4,27.99
52,25,9 meses y 2 días (272),187,120,"[1, 2, 3]",86,81,11,94.2,13.6,17.23
53,25,9 meses y 2 días (272),187,120,"[1, 2, 3, 4]",91,88,11,96.7,12.5,22.5
54,25,9 meses y 2 días (272),187,140,"[1, 2, 3]",65,56,6,86.2,10.7,14.45
55,25,9 meses y 2 días (272),187,140,"[1, 2, 3, 4]",71,62,9,87.3,14.5,17.68
56,25,9 meses y 2 días (272),187,160,"[1, 2, 3]",60,55,5,91.7,9.1,13.55
57,25,9 meses y 2 días (272),187,160,"[1, 2, 3, 4]",60,55,8,91.7,14.5,14.59
58,25,9 meses y 2 días (272),187,180,"[1, 2, 3]",60,53,5,88.3,9.4,13.4
59,25,9 meses y 2 días (272),187,180,"[1, 2, 3, 4]",60,53,3,88.3,5.7,15.59
60,25,1 años (365),250,20,"[1, 2]",815,815,18,100.0,2.2,138.92
61,25,1 años (365),250,40,"[1, 2]",415,415,17,100.0,4.1,80.16
62,25,1 años (365),250,40,"[1, 2, 3]",443,443,15,100.0,3.4,94.41
63,25,1 años (365),250,80,"[1, 2]",195,195,18,100.0,9.2,38.56
64,25,1 años (365),250,80,"[1, 2, 3]",196,196,20,100.0,10.2,40.21
65,25,1 años (365),250,90,"[1, 2]",155,153,12,98.7,7.8,26.24
66,25,1 años (365),250,90,"[1, 2, 3]",177,176,17,99.4,9.7,36.29
67,25,1 años (365),250,100,"[1, 2, 3]",147,144,18,98.0,12.5,28.11
68,25,1 años (365),250,100,"[1, 2, 3, 4]",153,149,14,97.4,9.4,35.35
69,25,1 años (365),250,120,"[1, 2, 3]",133,127,16,95.5,12.6,27.01
70,25,1 años (365),250,120,"[1, 2, 3, 4]",129,126,13,97.7,10.3,30.51
71,25,1 años (365),250,140,"[1, 2, 3]",118,106,12,89.8,11.3,25.76
72,25,1 años (365),250,140,"[1, 2, 3, 4]",111,99,14,89.2,14.1,27.88
73,25,1 años (365),250,160,"[1, 2, 3]",92,78,7,84.8,9.0,21.8
74,25,1 años (365),250,160,"[1, 2, 3, 4]",99,85,13,85.9,15.3,25.55
75,25,1 años (365),250,180,"[1, 2, 3]",91,75,6,82.4,8.0,19.82
76,25,1 años (365),250,180,"[1, 2, 3, 4]",84,68,3,81.0,4.4,21.24
77,25,1 años (365),250,200,"[1, 2, 3]",68,54,8,79.4,14.8,18.24
78,25,1 años (365),250,200,"[1, 2, 3, 4]",68,54,6,79.4,11.1,19.59
79,25,1 años (365),250,220,"[1, 2, 3]",68,52,8,76.5,15.4,15.74
80,25,1 años (365),250,220,"[1, 2, 3, 4]",68,52,3,76.5,5.8,16.62
81,25,1 años (365),250,240,"[1, 2, 3]",60,52,5,86.7,9.6,15.71
82,25,1 años (365),250,240,"[1, 2, 3, 4]",60,52,5,86.7,9.6,18.03
83,25,1 años y 5 meses (515),354,20,"[1, 2]",1207,1207,18,100.0,1.5,194.99
84,25,1 años y 5 meses (515),354,40,"[1, 2]",596,594,19,99.7,3.2,101.37
85,25,1 años y 5 meses (515),354,40,"[1, 2, 3]",651,649,18,99.7,2.8,121.01
86,25,1 años y 5 meses (515),354,80,"[1, 2]",280,277,19,98.9,6.9,47.53
87,25,1 años y 5 meses (515),354,80,"[1, 2, 3]",323,316,27,97.8,8.5,62.66
88,25,1 años y 5 meses (515),354,90,"[1, 2]",255,246,11,96.5,4.5,44.2
89,25,1 años y 5 meses (515),354,90,"[1, 2, 3]",291,278,25,95.5,9.0,54.55
90,25,1 años y 5 meses (515),354,100,"[1, 2, 3]",246,236,22,95.9,9.3,47.45
91,25,1 años y 5 meses (515),354,100,"[1, 2, 3, 4]",266,255,19,95.9,7.5,60.06
92,25,1 años y 5 meses (515),354,120,"[1, 2, 3]",224,199,17,88.8,8.5,45.11
93,25,1 años y 5 meses (515),354,120,"[1, 2, 3, 4]",231,206,16,89.2,7.8,53.52
94,25,1 años y 5 meses (515),354,140,"[1, 2, 3]",192,163,9,84.9,5.5,39.79
95,25,1 años y 5 meses (515),354,140,"[1, 2, 3, 4]",200,173,17,86.5,9.8,47.98
96,25,1 años y 5 meses (515),354,160,"[1, 2, 3]",153,128,14,83.7,10.9,32.99
97,25,1 años y 5 meses (515),354,160,"[1, 2, 3, 4]",163,137,13,84.0,9.5,40.09
98,25,1 años y 5 meses (515),354,180,"[1, 2, 3]",140,106,8,75.7,7.5,29.87
99,25,1 años y 5 meses (515),354,180,"[1, 2, 3, 4]",145,107,8,73.8,7.5,34.67
100,25,1 años y 5 meses (515),354,200,"[1, 2, 3]",134,94,11,70.1,11.7,29.64
101,25,1 años y 5 meses (515),354,200,"[1, 2, 3, 4]",138,98,11,71.0,11.2,34.02
102,25,1 años y 5 meses (515),354,220,"[1, 2, 3]",117,72,6,61.5,8.3,24.37
103,25,1 años y 5 meses (515),354,220,"[1, 2, 3, 4]",126,80,8,63.5,10.0,29.57
104,25,1 años y 5 meses (515),354,240,"[1, 2, 3]",122,67,4,54.9,6.0,25.28
105,25,1 años y 5 meses (515),354,240,"[1, 2, 3, 4]",126,73,7,57.9,9.6,31.54
106,25,1 años y 5 meses (515),354,260,"[1, 2, 3]",110,64,7,58.2,10.9,24.59
107,25,1 años y 5 meses (515),354,260,"[1, 2, 3, 4]",121,74,10,61.2,13.5,28.82
108,25,1 años y 5 meses (515),354,280,"[1, 2, 3]",90,50,6,55.6,12.0,21.56
109,25,1 años y 5 meses (515),354,280,"[1, 2, 3, 4]",102,60,3,58.8,5.0,24.46
110,25,1 años y 5 meses (515),354,300,"[1, 2, 3]",93,50,8,53.8,16.0,21.24
111,25,1 años y 5 meses (515),354,300,"[1, 2, 3, 4]",93,50,9,53.8,18.0,26.4
112,25,1 años y 5 meses (515),354,340,"[1, 2, 3]",60,37,3,61.7,8.1,14.44
113,25,1 años y 5 meses (515),354,340,"[1, 2, 3, 4]",60,37,4,61.7,10.8,15.26
114,25,2 años (730),501,20,"[1, 2]",1695,1695,29,100.0,1.7,262.45
115,25,2 años (730),501,40,"[1, 2]",845,843,35,99.8,4.2,141.52
116,25,2 años (730),501,40,"[1, 2, 3]",947,945,26,99.8,2.8,174.1
117,25,2 años (730),501,80,"[1, 2]",420,417,33,99.3,7.9,76.56
118,25,2 años (730),501,80,"[1, 2, 3]",466,459,39,98.5,8.5,94.05
119,25,2 años (730),501,90,"[1, 2]",403,394,26,97.8,6.6,69.37
120,25,2 años (730),501,90,"[1, 2, 3]",416,402,34,96.6,8.5,82.01
121,25,2 años (730),501,100,"[1, 2, 3]",371,361,30,97.3,8.3,75.65
122,25,2 años (730),501,100,"[1, 2, 3, 4]",381,368,27,96.6,7.3,84.95
123,25,2 años (730),501,120,"[1, 2, 3]",329,296,30,90.0,10.1,68.89
124,25,2 años (730),501,120,"[1, 2, 3, 4]",336,306,28,91.1,9.2,78.88
125,25,2 años (730),501,140,"[1, 2, 3]",280,240,21,85.7,8.8,63.83
126,25,2 años (730),501,140,"[1, 2, 3, 4]",298,261,26,87.6,10.0,85.46
127,25,2 años (730),501,160,"[1, 2, 3]",250,201,23,80.4,11.4,66.91
128,25,2 años (730),501,160,"[1, 2, 3, 4]",260,212,21,81.5,9.9,75.19
129,25,2 años (730),501,180,"[1, 2, 3]",246,180,12,73.2,6.7,55.72
130,25,2 años (730),501,180,"[1, 2, 3, 4]",252,185,15,73.4,8.1,62.19
131,25,2 años (730),501,200,"[1, 2, 3]",223,152,14,68.2,9.2,50.82
132,25,2 años (730),501,200,"[1, 2, 3, 4]",223,152,19,68.2,12.5,55.85
133,25,2 años (730),501,220,"[1, 2, 3]",195,116,11,59.5,9.5,41.04
134,25,2 años (730),501,220,"[1, 2, 3, 4]",216,134,17,62.0,12.7,51.28
135,25,2 años (730),501,240,"[1, 2, 3]",192,106,8,55.2,7.5,43.97
136,25,2 años (730),501,240,"[1, 2, 3, 4]",214,117,12,54.7,10.3,49.25
137,25,2 años (730),501,260,"[1, 2, 3]",158,85,11,53.8,12.9,36.0
138,25,2 años (730),501,260,"[1, 2, 3, 4]",184,107,16,58.2,15.0,45.38
139,25,2 años (730),501,280,"[1, 2, 3]",148,79,8,53.4,10.1,33.86
140,25,2 años (730),501,280,"[1, 2, 3, 4]",168,97,10,57.7,10.3,43.43
141,25,2 años (730),501,300,"[1, 2, 3]",160,69,10,43.1,14.5,36.52
142,25,2 años (730),501,300,"[1, 2, 3, 4]",153,74,11,48.4,14.9,40.03
143,25,2 años (730),501,340,"[1, 2, 3]",159,60,5,37.7,8.3,37.23
144,25,2 años (730),501,340,"[1, 2, 3, 4]",162,58,6,35.8,10.3,39.43
145,25,2 años (730),501,380,"[1, 2, 3, 4]",139,52,10,37.4,19.2,36.86
146,25,2 años (730),501,400,"[1, 2, 3, 4]",137,42,9,30.7,21.4,33.3
147,25,2 años (730),501,450,"[1, 2, 3, 4]",98,26,4,26.5,15.4,25.09
148,25,3 años (1095),753,40,"[1, 2, 3]",1421,1418,46,99.8,3.2,266.12
149,25,3 años (1095),753,80,"[1, 2, 3]",727,720,52,99.0,7.2,147.2
150,25,3 años (1095),753,90,"[1, 2, 3]",636,624,49,98.1,7.9,129.53
151,25,3 años (1095),753,100,"[1, 2, 3]",577,561,43,97.2,7.7,126.91
152,25,3 años (1095),753,100,"[1, 2, 3, 4]",608,591,37,97.2,6.3,144.25
153,25,3 años (1095),753,100,"[1, 2, 3, 4, 5]",621,600,49,96.6,8.2,162.13
154,25,3 años (1095),753,120,"[1, 2, 3]",508,470,44,92.5,9.4,109.42
155,25,3 años (1095),753,120,"[1, 2, 3, 4]",511,481,49,94.1,10.2,121.72
156,25,3 años (1095),753,120,"[1, 2, 3, 4, 5]",540,503,52,93.1,10.3,142.47
157,25,3 años (1095),753,140,"[1, 2, 3]",444,393,38,88.5,9.7,99.71
158,25,3 años (1095),753,140,"[1, 2, 3, 4]",459,401,40,87.4,10.0,114.94
159,25,3 años (1095),753,140,"[1, 2, 3, 4, 5]",467,416,42,89.1,10.1,129.59
160,25,3 años (1095),753,160,"[1, 2, 3]",405,329,27,81.2,8.2,91.2
161,25,3 años (1095),753,160,"[1, 2, 3, 4]",406,333,40,82.0,12.0,102.06
162,25,3 años (1095),753,160,"[1, 2, 3, 4, 5]",435,359,39,82.5,10.9,119.93
163,25,3 años (1095),753,180,"[1, 2, 3]",384,281,33,73.2,11.7,86.33
164,25,3 años (1095),753,180,"[1, 2, 3, 4]",401,294,32,73.3,10.9,100.44
165,25,3 años (1095),753,180,"[1, 2, 3, 4, 5]",410,304,39,74.1,12.8,113.98
166,25,3 años (1095),753,200,"[1, 2, 3]",375,255,24,68.0,9.4,87.03
167,25,3 años (1095),753,200,"[1, 2, 3, 4]",377,251,19,66.6,7.6,95.15
168,25,3 años (1095),753,200,"[1, 2, 3, 4, 5]",365,249,25,68.2,10.0,103.1
169,25,3 años (1095),753,220,"[1, 2, 3]",329,221,23,67.2,10.4,73.64
170,25,3 años (1095),753,220,"[1, 2, 3, 4]",335,219,20,65.4,9.1,83.55
171,25,3 años (1095),753,220,"[1, 2, 3, 4, 5]",361,243,31,67.3,12.8,99.91
172,25,3 años (1095),753,240,"[1, 2, 3]",316,193,24,61.1,12.4,72.89
173,25,3 años (1095),753,240,"[1, 2, 3, 4]",321,203,24,63.2,11.8,83.24
174,25,3 años (1095),753,240,"[1, 2, 3, 4, 5]",333,199,19,59.8,9.5,95.53
175,25,3 años (1095),753,260,"[1, 2, 3]",289,160,18,55.4,11.2,71.69
176,25,3 años (1095),753,260,"[1, 2, 3, 4]",310,185,20,59.7,10.8,92.0
177,25,3 años (1095),753,260,"[1, 2, 3, 4, 5]",303,182,25,60.1,13.7,93.34
178,25,3 años (1095),753,280,"[1, 2, 3]",305,152,15,49.8,9.9,72.07
179,25,3 años (1095),753,280,"[1, 2, 3, 4]",310,158,13,51.0,8.2,78.67
180,25,3 años (1095),753,280,"[1, 2, 3, 4, 5]",302,159,14,52.6,8.8,84.33
181,25,3 años (1095),753,300,"[1, 2, 3]",290,137,13,47.2,9.5,68.06
182,25,3 años (1095),753,300,"[1, 2, 3, 4]",283,143,17,50.5,11.9,73.93
183,25,3 años (1095),753,300,"[1, 2, 3, 4, 5]",287,154,20,53.7,13.0,82.07
184,25,3 años (1095),753,340,"[1, 2, 3]",271,107,10,39.5,9.3,62.31
185,25,3 años (1095),753,340,"[1, 2, 3, 4]",292,119,15,40.8,12.6,72.2
186,25,3 años (1095),753,340,"[1, 2, 3, 4, 5]",314,123,10,39.2,8.1,83.07
187,25,3 años (1095),753,380,"[1, 2, 3, 4]",328,88,17,26.8,19.3,77.24
188,25,3 años (1095),753,380,"[1, 2, 3, 4, 5]",327,95,13,29.1,13.7,82.14
189,25,3 años (1095),753,400,"[1, 2, 3, 4]",346,77,8,22.3,10.4,80.19
190,25,3 años (1095),753,400,"[1, 2, 3, 4, 5]",346,85,7,24.6,8.2,85.54
191,25,3 años (1095),753,450,"[1, 2, 3, 4]",365,54,3,14.8,5.6,77.08
192,25,3 años (1095),753,450,"[1, 2, 3, 4, 5]",387,56,8,14.5,14.3,84.59
193,25,3 años (1095),753,500,"[1, 2, 3, 4]",436,28,2,6.4,7.1,88.85
194,25,3 años (1095),753,500,"[1, 2, 3, 4, 5]",440,29,3,6.6,10.3,91.68
195,25,6 años y 1 días (2191),1509,100,"[1, 2, 3, 4]",1283,1244,102,97.0,8.2,290.85
196,25,6 años y 1 días (2191),1509,100,"[1, 2, 3, 4, 5]",1315,1277,102,97.1,8.0,364.72
197,25,6 años y 1 días (2191),1509,100,"[1, 2, 3, 4, 5, 6]",1370,1333,85,97.3,6.4,373.84
198,25,6 años y 1 días (2191),1509,120,"[1, 2, 3, 4]",1109,1031,105,93.0,10.2,248.79
199,25,6 años y 1 días (2191),1509,120,"[1, 2, 3, 4, 5]",1142,1066,91,93.3,8.5,289.27
200,25,6 años y 1 días (2191),1509,120,"[1, 2, 3, 4, 5, 6]",1156,1084,83,93.8,7.7,326.53
201,25,6 años y 1 días (2191),1509,140,"[1, 2, 3, 4]",978,853,78,87.2,9.1,225.16
202,25,6 años y 1 días (2191),1509,140,"[1, 2, 3, 4, 5]",985,856,89,86.9,10.4,250.13
203,25,6 años y 1 días (2191),1509,140,"[1, 2, 3, 4, 5, 6]",1024,897,98,87.6,10.9,296.02
204,25,6 años y 1 días (2191),1509,160,"[1, 2, 3, 4]",925,749,93,81.0,12.4,219.97
205,25,6 años y 1 días (2191),1509,160,"[1, 2, 3, 4, 5]",952,781,92,82.0,11.8,260.74
206,25,6 años y 1 días (2191),1509,160,"[1, 2, 3, 4, 5, 6]",979,796,76,81.3,9.5,286.84
207,25,6 años y 1 días (2191),1509,180,"[1, 2, 3, 4]",854,644,88,75.4,13.7,202.03
208,25,6 años y 1 días (2191),1509,180,"[1, 2, 3, 4, 5]",891,676,79,75.9,11.7,236.49
209,25,6 años y 1 días (2191),1509,180,"[1, 2, 3, 4, 5, 6]",904,674,75,74.6,11.1,261.95
210,25,6 años y 1 días (2191),1509,200,"[1, 2, 3, 4]",807,559,64,69.3,11.4,193.5
211,25,6 años y 1 días (2191),1509,200,"[1, 2, 3, 4, 5]",837,590,79,70.5,13.4,223.16
212,25,6 años y 1 días (2191),1509,200,"[1, 2, 3, 4, 5, 6]",831,589,76,70.9,12.9,244.57
213,25,6 años y 1 días (2191),1509,220,"[1, 2, 3, 4]",796,497,56,62.4,11.3,182.94
214,25,6 años y 1 días (2191),1509,220,"[1, 2, 3, 4, 5]",846,536,73,63.4,13.6,217.96
215,25,6 años y 1 días (2191),1509,220,"[1, 2, 3, 4, 5, 6]",855,544,74,63.6,13.6,242.29
216,25,6 años y 1 días (2191),1509,240,"[1, 2, 3, 4]",789,446,52,56.5,11.7,185.87
217,25,6 años y 1 días (2191),1509,240,"[1, 2, 3, 4, 5]",804,459,62,57.1,13.5,206.99
218,25,6 años y 1 días (2191),1509,240,"[1, 2, 3, 4, 5, 6]",824,478,70,58.0,14.6,234.92
219,25,6 años y 1 días (2191),1509,260,"[1, 2, 3, 4]",752,390,55,51.9,14.1,178.35
220,25,6 años y 1 días (2191),1509,260,"[1, 2, 3, 4, 5]",770,412,43,53.5,10.4,199.69
221,25,6 años y 1 días (2191),1509,260,"[1, 2, 3, 4, 5, 6]",768,436,58,56.8,13.3,228.64
222,25,6 años y 1 días (2191),1509,280,"[1, 2, 3, 4]",722,357,34,49.4,9.5,179.76
223,25,6 años y 1 días (2191),1509,280,"[1, 2, 3, 4, 5]",748,371,43,49.6,11.6,204.81
224,25,6 años y 1 días (2191),1509,280,"[1, 2, 3, 4, 5, 6]",763,398,62,52.2,15.6,243.32
225,25,6 años y 1 días (2191),1509,300,"[1, 2, 3, 4]",749,330,32,44.1,9.7,199.16
226,25,6 años y 1 días (2191),1509,300,"[1, 2, 3, 4, 5]",759,333,35,43.9,10.5,209.86
227,25,6 años y 1 días (2191),1509,300,"[1, 2, 3, 4, 5, 6]",777,353,44,45.4,12.5,233.08
228,25,6 años y 1 días (2191),1509,340,"[1, 2, 3, 4]",800,267,33,33.4,12.4,197.36
229,25,6 años y 1 días (2191),1509,340,"[1, 2, 3, 4, 5]",827,279,34,33.7,12.2,218.9
230,25,6 años y 1 días (2191),1509,340,"[1, 2, 3, 4, 5, 6]",836,278,43,33.3,15.5,226.8
231,25,6 años y 1 días (2191),1509,380,"[1, 2, 3, 4]",862,224,26,26.0,11.6,193.86
232,25,6 años y 1 días (2191),1509,380,"[1, 2, 3, 4, 5]",869,229,26,26.4,11.4,206.13
233,25,6 años y 1 días (2191),1509,380,"[1, 2, 3, 4, 5, 6]",918,245,33,26.7,13.5,230.19
234,25,6 años y 1 días (2191),1509,400,"[1, 2, 3, 4]",918,201,23,21.9,11.4,206.07
235,25,6 años y 1 días (2191),1509,400,"[1, 2, 3, 4, 5]",951,205,19,21.6,9.3,225.69
236,25,6 años y 1 días (2191),1509,400,"[1, 2, 3, 4, 5, 6]",929,216,27,23.3,12.5,227.26
237,25,6 años y 1 días (2191),1509,450,"[1, 2, 3, 4]",1051,161,13,15.3,8.1,212.93
238,25,6 años y 1 días (2191),1509,450,"[1, 2, 3, 4, 5]",1075,166,18,15.4,10.8,225.01
239,25,6 años y 1 días (2191),1509,450,"[1, 2, 3, 4, 5, 6]",1104,164,16,14.9,9.8,240.84
240,25,6 años y 1 días (2191),1509,500,"[1, 2, 3, 4]",1194,120,7,10.1,5.8,237.68
241,25,6 años y 1 días (2191),1509,500,"[1, 2, 3, 4, 5]",1229,126,12,10.3,9.5,257.11
242,25,6 años y 1 días (2191),1509,500,"[1, 2, 3, 4, 5, 6]",1166,127,11,10.9,8.7,267.06
243,25,8 años y 2 días (2922),2012,140,"[1, 2, 3, 4]",1331,1159,129,87.1,11.1,320.64
244,25,8 años y 2 días (2922),2012,140,"[1, 2, 3, 4, 5]",1347,1187,124,88.1,10.4,359.09
245,25,8 años y 2 días (2922),2012,140,"[1, 2, 3, 4, 5, 6]",1412,1245,114,88.2,9.2,414.98
246,25,8 años y 2 días (2922),2012,160,"[1, 2, 3, 4]",1252,1005,118,80.3,11.7,304.05
247,25,8 años y 2 días (2922),2012,160,"[1, 2, 3, 4, 5]",1270,1028,118,80.9,11.5,365.66
248,25,8 años y 2 días (2922),2012,160,"[1, 2, 3, 4, 5, 6]",1327,1071,109,80.7,10.2,718.03
249,25,8 años y 2 días (2922),2012,180,"[1, 2, 3, 4]",1187,859,97,72.4,11.3,275.93
250,25,8 años y 2 días (2922),2012,180,"[1, 2, 3, 4, 5]",1216,881,96,72.5,10.9,308.45
251,25,8 años y 2 días (2922),2012,180,"[1, 2, 3, 4, 5, 6]",1251,911,118,72.8,13.0,353.12
252,25,8 años y 2 días (2922),2012,200,"[1, 2, 3, 4]",1128,758,85,67.2,11.2,266.58
253,25,8 años y 2 días (2922),2012,200,"[1, 2, 3, 4, 5]",1177,800,106,68.0,13.2,306.12
254,25,8 años y 2 días (2922),2012,200,"[1, 2, 3, 4, 5, 6]",1179,803,106,68.1,13.2,333.7
255,25,8 años y 2 días (2922),2012,220,"[1, 2, 3, 4]",1104,670,78,60.7,11.6,251.13
256,25,8 años y 2 días (2922),2012,220,"[1, 2, 3, 4, 5]",1129,702,91,62.2,13.0,286.53
257,25,8 años y 2 días (2922),2012,220,"[1, 2, 3, 4, 5, 6]",1175,731,94,62.2,12.9,329.89
258,25,8 años y 2 días (2922),2012,240,"[1, 2, 3, 4]",1118,606,80,54.2,13.2,261.42
259,25,8 años y 2 días (2922),2012,240,"[1, 2, 3, 4, 5]",1132,637,88,56.3,13.8,290.66
260,25,8 años y 2 días (2922),2012,240,"[1, 2, 3, 4, 5, 6]",1155,644,98,55.8,15.2,317.52
261,25,8 años y 2 días (2922),2012,260,"[1, 2, 3, 4]",1081,556,65,51.4,11.7,266.57
262,25,8 años y 2 días (2922),2012,260,"[1, 2, 3, 4, 5]",1107,580,72,52.4,12.4,285.79
263,25,8 años y 2 días (2922),2012,260,"[1, 2, 3, 4, 5, 6]",1105,606,87,54.8,14.4,311.76
264,25,8 años y 2 días (2922),2012,280,"[1, 2, 3, 4]",1041,503,58,48.3,11.5,246.37
265,25,8 años y 2 días (2922),2012,280,"[1, 2, 3, 4, 5]",1050,514,69,49.0,13.4,269.58
266,25,8 años y 2 días (2922),2012,280,"[1, 2, 3, 4, 5, 6]",1133,546,68,48.2,12.5,312.54
267,25,8 años y 2 días (2922),2012,300,"[1, 2, 3, 4]",1050,457,50,43.5,10.9,249.11
268,25,8 años y 2 días (2922),2012,300,"[1, 2, 3, 4, 5]",1077,464,51,43.1,11.0,276.99
269,25,8 años y 2 días (2922),2012,300,"[1, 2, 3, 4, 5, 6]",1088,485,63,44.6,13.0,304.48
270,25,8 años y 2 días (2922),2012,340,"[1, 2, 3, 4]",1088,389,47,35.8,12.1,257.7
271,25,8 años y 2 días (2922),2012,340,"[1, 2, 3, 4, 5]",1109,397,41,35.8,10.3,282.9
272,25,8 años y 2 días (2922),2012,340,"[1, 2, 3, 4, 5, 6]",1126,415,56,36.9,13.5,309.36
273,25,8 años y 2 días (2922),2012,380,"[1, 2, 3, 4]",1250,327,38,26.2,11.6,287.97
274,25,8 años y 2 días (2922),2012,380,"[1, 2, 3, 4, 5]",1240,339,35,27.3,10.3,306.19
275,25,8 años y 2 días (2922),2012,380,"[1, 2, 3, 4, 5, 6]",1289,344,46,26.7,13.4,335.03
276,25,8 años y 2 días (2922),2012,400,"[1, 2, 3, 4]",1312,297,38,22.6,12.8,304.06
277,25,8 años y 2 días (2922),2012,400,"[1, 2, 3, 4, 5]",1371,299,33,21.8,11.0,331.66
278,25,8 años y 2 días (2922),2012,400,"[1, 2, 3, 4, 5, 6]",1387,317,44,22.9,13.9,371.89
279,25,8 años y 2 días (2922),2012,450,"[1, 2, 3, 4]",1552,226,25,14.6,11.1,333.26
280,25,8 años y 2 días (2922),2012,450,"[1, 2, 3, 4, 5]",1566,238,27,15.2,11.3,348.73
281,25,8 años y 2 días (2922),2012,450,"[1, 2, 3, 4, 5, 6]",1557,248,27,15.9,10.9,370.5
282,25,8 años y 2 días (2922),2012,500,"[1, 2, 3, 4]",1737,177,18,10.2,10.2,374.01
283,25,8 años y 2 días (2922),2012,500,"[1, 2, 3, 4, 5]",1778,177,20,10.0,11.3,395.0
284,25,8 años y 2 días (2922),2012,500,"[1, 2, 3, 4, 5, 6]",1811,182,18,10.0,9.9,418.65
285,25,10 años y 2 días (3652),2516,200,"[1, 2, 3, 4]",1416,966,116,68.2,12.0,358.23
286,25,10 años y 2 días (3652),2516,200,"[1, 2, 3, 4, 5]",1460,994,110,68.1,11.1,404.74
287,25,10 años y 2 días (3652),2516,200,"[1, 2, 3, 4, 5, 6]",1485,1026,127,69.1,12.4,450.95
288,25,10 años y 2 días (3652),2516,220,"[1, 2, 3, 4]",1418,858,96,60.5,11.2,345.99
289,25,10 años y 2 días (3652),2516,220,"[1, 2, 3, 4, 5]",1455,898,126,61.7,14.0,391.71
290,25,10 años y 2 días (3652),2516,220,"[1, 2, 3, 4, 5, 6]",1491,924,125,62.0,13.5,440.83
291,25,10 años y 2 días (3652),2516,240,"[1, 2, 3, 4]",1399,774,89,55.3,11.5,347.64
292,25,10 años y 2 días (3652),2516,240,"[1, 2, 3, 4, 5]",1412,808,85,57.2,10.5,388.03
293,25,10 años y 2 días (3652),2516,240,"[1, 2, 3, 4, 5, 6]",1412,801,101,56.7,12.6,431.16
294,25,10 años y 2 días (3652),2516,260,"[1, 2, 3, 4]",1392,707,90,50.8,12.7,346.52
295,25,10 años y 2 días (3652),2516,260,"[1, 2, 3, 4, 5]",1397,738,101,52.8,13.7,383.0
296,25,10 años y 2 días (3652),2516,260,"[1, 2, 3, 4, 5, 6]",1353,739,101,54.6,13.7,411.92
297,25,10 años y 2 días (3652),2516,280,"[1, 2, 3, 4]",1320,636,77,48.2,12.1,337.84
298,25,10 años y 2 días (3652),2516,280,"[1, 2, 3, 4, 5]",1355,653,86,48.2,13.2,378.32
299,25,10 años y 2 días (3652),2516,280,"[1, 2, 3, 4, 5, 6]",1408,701,90,49.8,12.8,431.71
300,25,10 años y 2 días (3652),2516,300,"[1, 2, 3, 4]",1392,584,77,42.0,13.2,364.97
301,25,10 años y 2 días (3652),2516,300,"[1, 2, 3, 4, 5]",1404,592,65,42.2,11.0,393.7
302,25,10 años y 2 días (3652),2516,300,"[1, 2, 3, 4, 5, 6]",1442,611,69,42.4,11.3,436.76
303,25,10 años y 2 días (3652),2516,340,"[1, 2, 3, 4]",1400,485,52,34.6,10.7,368.56
304,25,10 años y 2 días (3652),2516,340,"[1, 2, 3, 4, 5]",1448,502,64,34.7,12.7,399.38
305,25,10 años y 2 días (3652),2516,340,"[1, 2, 3, 4, 5, 6]",1517,532,89,35.1,16.7,452.79
306,25,10 años y 2 días (3652),2516,380,"[1, 2, 3, 4]",1678,404,50,24.1,12.4,420.53
307,25,10 años y 2 días (3652),2516,380,"[1, 2, 3, 4, 5]",1737,421,54,24.2,12.8,451.52
308,25,10 años y 2 días (3652),2516,380,"[1, 2, 3, 4, 5, 6]",1706,418,52,24.5,12.4,473.42
309,25,10 años y 2 días (3652),2516,400,"[1, 2, 3, 4]",1746,371,43,21.2,11.6,431.17
310,25,10 años y 2 días (3652),2516,400,"[1, 2, 3, 4, 5]",1793,378,51,21.1,13.5,466.02
311,25,10 años y 2 días (3652),2516,400,"[1, 2, 3, 4, 5, 6]",1887,403,56,21.4,13.9,518.13
312,25,10 años y 2 días (3652),2516,450,"[1, 2, 3, 4]",2119,287,31,13.5,10.8,488.72
313,25,10 años y 2 días (3652),2516,450,"[1, 2, 3, 4, 5]",2157,297,24,13.8,8.1,520.34
314,25,10 años y 2 días (3652),2516,450,"[1, 2, 3, 4, 5, 6]",2170,306,35,14.1,11.4,548.75
315,25,10 años y 2 días (3652),2516,500,"[1, 2, 3, 4]",2481,211,23,8.5,10.9,570.46
316,25,10 años y 2 días (3652),2516,500,"[1, 2, 3, 4, 5]",2536,216,28,8.5,13.0,600.49
317,25,10 años y 2 días (3652),2516,500,"[1, 2, 3, 4, 5, 6]",2537,218,30,8.6,13.8,621.79
318,25,15 años y 3 días (5478),3774,300,"[1, 2, 3, 4]",1988,858,97,43.2,11.3,537.73
319,25,15 años y 3 días (5478),3774,300,"[1, 2, 3, 4, 5]",2111,911,105,43.2,11.5,613.92
320,25,15 años y 3 días (5478),3774,300,"[1, 2, 3, 4, 5, 6]",2107,961,120,45.6,12.5,674.85
321,25,15 años y 3 días (5478),3774,340,"[1, 2, 3, 4]",2151,748,93,34.8,12.4,585.3
322,25,15 años y 3 días (5478),3774,340,"[1, 2, 3, 4, 5]",2192,783,116,35.7,14.8,641.32
323,25,15 años y 3 días (5478),3774,340,"[1, 2, 3, 4, 5, 6]",2270,815,106,35.9,13.0,698.58
324,25,15 años y 3 días (5478),3774,380,"[1, 2, 3, 4]",2553,626,73,24.5,11.7,656.37
325,25,15 años y 3 días (5478),3774,380,"[1, 2, 3, 4, 5]",2645,648,85,24.5,13.1,729.65
326,25,15 años y 3 días (5478),3774,380,"[1, 2, 3, 4, 5, 6]",2625,654,89,24.9,13.6,771.06
327,25,15 años y 3 días (5478),3774,400,"[1, 2, 3, 4]",2741,570,69,20.8,12.1,713.75
328,25,15 años y 3 días (5478),3774,400,"[1, 2, 3, 4, 5]",2803,589,72,21.0,12.2,772.72
329,25,15 años y 3 días (5478),3774,400,"[1, 2, 3, 4, 5, 6]",2861,625,82,21.8,13.1,840.14
330,25,15 años y 3 días (5478),3774,450,"[1, 2, 3, 4]",3293,441,53,13.4,12.0,814.43
331,25,15 años y 3 días (5478),3774,450,"[1, 2, 3, 4, 5]",3372,446,47,13.2,10.5,864.96
332,25,15 años y 3 días (5478),3774,450,"[1, 2, 3, 4, 5, 6]",3351,460,50,13.7,10.9,908.68
333,25,15 años y 3 días (5478),3774,500,"[1, 2, 3, 4]",4053,321,37,7.9,11.5,998.81
334,25,15 años y 3 días (5478),3774,500,"[1, 2, 3, 4, 5]",4063,334,45,8.2,13.5,1034.86
335,25,15 años y 3 días (5478),3774,500,"[1, 2, 3, 4, 5, 6]",4161,346,40,8.3,11.6,1095.93
